1000;1000
499804
274302
253431
250308
237664
231196
223576
217588
210643
205877
199836
194763
189905
185954
182261
178739
175501
172418
169338
165982
163181
159897
157515
155277
152740
150673
148875
146922
145107
143478
141798
140069
139343
137642
136802
135395
134040
132736
131517
130122
129026
128339
126597
126321
125144
124068
123395
122190
121370
120184
119596
118583
117816
116767
116455
115829
115459
114790
113918
113371
112600
111927
111693
111520
110857
110572
110114
109492
108694
108668
107795
107412
106357
106213
105836
104926
104400
104174
103488
103203
102341
101801
101717
101434
101244
100841
100676
100293
100309
99919
99049
98807
98714
98514
98047
97268
96832
96622
96605
95838
95666
95044
94324
93942
93216
92693
92054
92033
91741
91819
91513
91170
90348
90230
89772
89880
89391
89041
88769
88428
88205
87643
87831
87332
87061
87387
86995
86503
86460
86426
86247
85480
85731
85343
85056
84961
84690
84458
84294
83916
83692
83793
83316
83216
82719
82886
82498
82761
81911
82424
82383
82410
81547
81513
81343
81104
81372
81068
81153
80765
80494
80591
80607
80489
80442
80230
79870
79888
79599
79475
79485
79143
78927
78678
78551
77843
77719
77062
76905
76306
75944
76282
75423
75545
75205
75156
74865
74471
74131
74097
73914
73880
73531
73642
73629
73125
73576
73553
73586
73679
73556
73455
73245
73361
72765
72735
72688
72508
72381
72306
72615
72288
72249
72086
72301
71915
71795
71810
71562
71891
71411
71557
70953
71098
70648
70415
70348
70308
70150
70491
70264
69889
69545
69129
69067
68954
68746
68464
68694
68781
68748
68270
68489
68548
68371
68482
68556
68493
68388
68111
67919
67977
67803
67915
67893
67747
67534
67728
67558
67708
67632
67586
67872
67671
67674
67397
66949
66974
66507
66532
66518
66215
66452
66350
66518
66238
66126
66061
65693
66195
65513
65709
65433
65535
65145
65366
65346
65059
65179
65320
65235
65291
65354
65315
65390
65202
65449
65038
64903
65266
65226
65619
65344
65412
65130
65124
64776
64888
64461
64493
64429
64487
64377
64064
63897
63934
63690
63743
63557
63513
63321
62916
62809
62693
62784
62627
62411
62755
62683
62976
62891
62641
62405
62332
62036
62080
62008
62147
61939
62132
62051
62501
62236
62419
62364
62153
61896
62022
61645
61748
61628
61579
61115
61293
61094
61085
61048
61009
60604
60245
60259
60341
60180
59774
59932
60075
60125
60323
60569
60767
61037
60970
61266
61194
61056
61209
61204
61493
61295
61301
61024
60696
60480
60297
60146
60230
60131
59834
59770
59526
59777
59660
59567
59424
59244
59204
59019
58953
58837
58780
58762
58443
58492
58001
58088
57907
57963
57858
57907
57891
57808
57819
57649
57526
57648
57479
57508
57548
57318
57248
56970
57017
57126
57189
57049
56884
56745
56686
56715
56822
56776
56829
56582
56762
56651
56546
56503
56328
56349
56710
56273
56435
56261
56199
56193
56057
56058
56005
55749
55698
55895
55666
55694
55642
55212
55409
55278
55372
55402
55428
55520
55348
55517
55499
55789
55489
55563
55248
55063
55095
54981
54781
54592
54485
54341
54659
54389
54474
54651
54407
54403
54734
54849
54782
54527
54433
54515
54072
54124
53926
53984
53899
53664
53818
53893
53761
54141
53802
54225
54142
54292
54277
54213
54145
54032
53853
54167
54100
53915
53931
53580
53696
53508
53668
53283
53381
53237
53444
53211
53216
53148
53333
53312
53331
53200
53467
53462
53400
53027
52959
53305
53035
53240
53049
52956
52855
52929
53032
53034
52855
52703
52376
52240
52002
52111
51966
52168
51832
52029
52091
52208
52155
52174
51981
51939
51876
51803
51763
51793
51835
51900
51891
51857
51814
51507
51505
51469
51150
50943
50869
50987
51120
51011
50815
50938
50816
50540
50429
50464
50395
50313
50274
50107
50026
50159
50106
50112
50302
50180
50204
50327
50191
49779
49738
49798
49737
49777
49996
49876
49730
49855
49835
49779
49788
49690
49747
49869
49776
50023
50205
50136
50096
50011
50019
49861
50017
49575
49753
49759
49525
49489
49449
49542
49420
49356
49495
49475
49584
49474
49628
49450
49373
49470
49528
49640
49602
49644
49568
49884
49442
49694
49335
49210
49124
49068
49122
49257
49380
49570
49419
49656
49588
49756
49518
49418
49444
49267
49076
49274
49118
48973
49117
48852
48874
48480
48830
48572
48620
48433
48533
48613
48934
48670
48843
48535
48545
48680
48537
48239
48089
48035
47927
47903
47823
47805
47754
47758
47696
47819
47779
47961
48101
47788
47916
48007
48034
47827
47850
47614
47570
47239
47267
47388
47168
47355
47233
47443
47258
47707
47405
47650
47405
47371
47422
47259
46901
47141
47149
47095
47100
47249
47254
47302
47270
47372
47221
47321
47336
47612
47545
47727
47546
47433
47472
47533
47774
47594
47787
47684
47749
47766
47857
47872
47907
47874
47821
47951
47947
47940
47855
47898
48037
48033
48079
47933
48031
48118
47996
48061
47874
47779
47799
47924
48047
48056
48017
47876
47900
47794
47692
47675
47462
47231
47276
47291
47238
47266
47353
47208
47306
47231
47352
47201
47360
47281
47272
47297
47047
47210
47004
47194
47112
47153
46818
46718
46474
46830
46109
46316
45938
46218
46024
46269
46157
46240
46008
46045
45877
45857
45773
45865
45876
45706
45597
45519
45305
45527
45311
45297
45162
45161
45351
45082
45312
45138
45148
45262
45455
45164
45318
45180
45082
44881
44919
44829
44820
45145
44893
44930
44884
44704
44736
44716
44589
44521
44586
44417
44440
44588
44474
44464
44651
44592
44584
44536
44503
44276
44289
44164
44128
44135
44161
44271
44242
44373
44343
44489
44543
44420
44477
44530
44347
44235
44205
44157
44493
44315
44219
44156
44154
43978
44034
43765
43931
43854
43832
43973
43920
43799
43949
43785
43839
43652
43836
43792
43818
43990
43859
43969
44044
43934
43790
43661
43634
43445
43435
43443
43293
43393
43226
43289
43266
43434
43246
43344
43059
43147
42994
43054
43135
43001
43053
43069
42972
42896
42815
42907
42915
42828
42779
42685
43024
42934
43100
42924
42919
43262
42928
43111
43125
43420
43366
43249
43018
42936
42958
42805
42850
42676
42778
42556
42745
42590
42695
42703
42752
42500
42686
42489
42665
42571
42598
42716
42517
42768
42583
42651
42651
42840
42734
42577
42541
42643
42473
42400
42399
42383
42381
42221
42417
42241
42183
42163
42310
42150
42121
42036
42130
42213
42279
42199
42192
42286
42016
42236
41902
42068
41732
41869
41808
41928
41868
41960
41965
42010
41935
41865
41798
41610
41667
41381
41645
41503
41653
41546
41460
41442
41547
41775
41694
41869
41702
41996
41860
41864
41768
41627
41341
41594
41359
41362
41205
41172
41011
41163
41057
41007
41316
41376
41471
41556
41399
41405
41689
41556
41757
41832
41809
41866
41847
42076
42169
42167
42179
42249
42108
42133
42115
42090
41858
41952
41962
41907
41978
42140
41996
42110
42147
42084
42054
42208
42291
42021
42227
41999
42126
42005
42294
42109
42070
42112
41871
41985
41880
41836
41562
41422
41543
41585
41513
41530
41550
41452
41628
41479
41609
41568
41564
41531
41389
41427
41280
41310
41482
41544
41540
41389
41301
41236
41079
41091
41140
41099
41486
41194
41181
40940
41002
40761
40983
40776
40934
40819
40921
40674
40669
40705
40840
40889
41082
40977
41164
41131
40963
41063
41244
41208
41298
41138
41382
41181
41247
41258
41362
41332
41144
40968
41059
41050
41041
40956
40973
40920
40903
40885
40821
40789
40711
40768
40569
40829
40627
40781
40801
40738
40741
40893
40837
40834
40963
41208
41182
41026
40905
40811
40867
40811
40844
40828
40828
40572
40413
40366
40410
40178
40335
40216
40169
40213
40182
40194
40152
40173
40261
40321
40246
40390
40358
40381
40470
40509
40273
40476
40160
40299
40133
40146
40001
39908
39902
40025
40070
40194
40049
39916
39997
39805
39907
40175
40277
40173
40136
40235
40137
40309
40342
40185
40147
39935
40097
40014
40166
40043
40011
39878
39913
39790
39998
39850
39803
39859
39901
39984
39860
39856
39932
39761
39931
39741
39909
39804
40020
39793
40000
39937
39918
39936
40073
39964
39974
39917
39808
39816
39639
39605
39519
39441
39478
39510
39252
39310
39012
39307
38975
39026
38913
39077
39021
39065
39052
38919
38947
38950
38860
38795
38730
38745
38758
38627
38533
38518
38421
38447
38568
38380
38468
38279
38363
38172
38167
38255
38425
38355
38391
38196
38203
38125
37966
37806
37839
37592
37834
37716
37732
37878
37844
37890
37814
37858
37888
37975
37854
37882
37674
37654
37703
37790
37642
37750
37731
37857
37800
38021
37878
37894
37886
37667
37608
37580
37676
37628
37501
37410
37491
37482
37483
37395
37492
37482
37566
37552
37509
37385
37548
37413
37315
37299
37313
37273
37260
37287
37418
37235
37481
37407
37586
37576
37700
37666
37617
37682
37571
37505
37505
37428
37514
37380
37396
37413
37271
37373
37235
37311
37415
37235
37304
37144
37206
37209
37130
37025
37041
37000
36973
37058
36986
36911
36761
36901
36809
36815
36902
36792
36838
36785
36778
36615
36726
36516
36579
36497
36563
36549
36520
36577
36572
36407
36573
36343
36496
36526
36692
36619
36507
36590
36566
36593
36572
36690
36585
36653
36666
36509
36522
36403
36458
36393
36398
36400
36442
36342
36393
36520
36555
36490
36587
36632
36552
36660
36639
36696
36501
36595
36387
36538
36449
36432
36529
36343
36485
36302
36508
36262
36347
36243
36331
36115
36319
36221
36462
36372
36342
36449
36364
36282
36305
36179
36245
36100
36113
36082
36035
36033
36011
35997
36104
36152
36114
36080
36079
35895
35827
35764
35817
35678
35841
35834
35937
35728
35706
35800
35807
35841
35885
35760
35920
35953
35982
35926
35926
35909
35884
35837
35868
35922
35750
35805
35871
35809
35777
35780
35881
35801
35955
35933
35872
35944
36051
35971
35931
36026
35904
35861
35939
36113
36067
36120
36068
36037
35932
35924
35862
35874
35936
35880
36047
35987
36177
36168
36376
36237
36401
36203
36349
36235
36251
36353
36280
36438
36489
36346
36438
36321
36537
36466
36518
36393
36458
36364
36507
36500
36428
36492
36487
36580
36630
36425
36625
36499
36564
36561
36597
36455
36516
36480
36468
36373
36432
36445
36466
36274
36217
36068
36140
36238
36183
36061
36086
35981
36173
36108
36183
36030
36048
36107
35994
36027
35998
36087
36120
36111
36060
36063
35979
36132
35821
36101
35847
35898
35864
35847
35868
35947
35977
35949
35900
36075
35873
35975
35942
36121
36144
36145
36158
36111
36278
36345
36440
36304
36279
36374
36316
36440
36343
36345
36377
36374
36353
36278
36201
36302
36282
36138
36161
36272
36308
36314
36283
36275
36296
36312
36356
36225
36177
36089
36034
36024
36053
36155
36286
36313
36187
36229
36057
36253
36209
36336
36087
36046
35959
36009
35862
35969
35696
35792
35812
35666
35851
35697
35896
35727
35762
35718
35666
35577
35623
35698
35648
35720
35623
35728
35602
35667
35684
35723
35847
35677
35768
35670
35573
35673
35693
35584
35596
35830
35879
35805
35921
35760
35938
35679
35718
35665
35748
35808
35621
35781
35785
35778
35790
35685
35814
35851
35884
35883
35784
35804
35747
35709
35668
35751
35733
35662
35792
35782
35955
35988
36109
36038
36129
36144
36231
36294
36363
36355
36127
36098
36124
35950
36101
35880
36018
35942
35775
35847
35924
35867
36009
35921
35991
35773
35879
35860
35906
35912
36069
36107
36130
36175
36057
35956
36038
35852
35808
35843
35851
35971
35810
35943
35893
35980
36091
35976
36079
35954
36054
36197
35973
36106
36107
36165
36286
36083
36151
36039
36015
36185
36214
36322
36343
36475
36405
36223
36287
36296
36229
36134
36053
36126
36080
36189
36262
36103
36163
36068
36179
36328
36343
36315
36310
36031
35987
36043
36095
36191
36234
36107
36103
36097
35993
36076
36172
36151
36247
36052
36088
36152
36152
36075
35901
35857
35838
35933
35837
35768
35787
35789
35791
35854
35623
35711
35701
35711
35675
35693
35723
35706
35617
35903
35882
35888
35897
35756
35681
35660
35640
35546
35473
35404
35282
35351
35323
35273
35348
35186
35201
35236
35173
35197
35278
35323
35249
35133
35202
35220
35354
35230
35223
35401
35338
35386
35384
35561
35487
35580
35522
35385
35481
35475
35622
35609
35652
35628
35676
35746
35767
35755
35820
35876
35939
35845
35975
35833
35892
35772
35978
35783
35915
35922
35949
36042
35914
35831
35878
35850
35834
35734
35793
35803
35898
35705
35809
35821
35891
35759
35871
35738
35825
35801
35750
35702
35638
35581
35644
35700
35668
35603
35596
35521
35581
35398
35399
35218
35066
35078
35039
35174
35001
34913
34885
34816
34781
34879
34912
34970
34982
35003
34876
34888
34840
34979
34876
35174
35099
35189
35094
35096
35068
35039
34947
35015
35080
34979
35027
34927
34975
34906
34958
34931
35009
34762
34991
34830
34910
34915
35059
35097
35122
35095
35148
35227
35201
35276
35314
35379
35316
35402
35354
35452
35274
35317
35261
35250
35095
35171
35324
35341
35322
35321
35200
35252
35315
35410
35193
35280
35319
35186
35232
35158
35282
35109
35181
35048
35153
35154
35109
35095
35037
35035
35133
35139
35187
35229
35283
35221
35151
35003
35096
35021
35071
34981
34970
35117
34962
34958
34792
34908
34871
34975
35041
35094
35055
34993
34965
34967
34978
35092
34893
35002
35063
35015
34949
34928
34894
34874
34924
34800
34895
34901
34918
34896
34960
35034
35062
35140
35175
35172
35267
35246
35239
35217
35308
35184
35216
35226
35266
35284
35066
35146
35202
35201
35185
35237
35037
35247
35187
35120
34902
34943
35032
34945
34985
34980
35114
35022
35105
34997
34936
35019
35064
35090
34980
35270
35202
35212
35082
35216
35022
35087
34987
35098
34996
35125
35162
35042
35241
35178
35319
35221
35277
35240
35368
35398
35451
35481
35510
35510
35453
35556
35375
35498
35565
35679
35581
35621
35426
35390
35505
35376
35514
35498
35435
35604
35603
35646
35530
35587
35502
35667
35518
35553
35568
35651
35526
35499
35464
35443
35394
35251
35270
35273
35326
35349
35341
35394
35393
35407
35400
35242
35362
35391
35305
35404
35480
35388
35445
35318
35207
35259
35325
35262
35250
35207
35284
35074
35138
35102
35064
35180
35148
35179
35229
35212
35264
35010
35035
35017
35050
35085
35070
34953
34989
34955
34996
34998
34941
35055
34954
35017
35066
35230
35215
35070
35182
35152
35035
35138
34958
35254
35168
35151
35135
35148
35087
35063
35150
35203
35160
35268
35169
35180
35113
35257
35077
35134
35303
35134
35104
35102
34991
35043
35158
35046
35060
35090
35058
34876
34822
34746
34782
34804
34813
34831
34903
34940
35054
35071
35040
35087
35298
35085
35174
35036
35223
35144
35130
35074
35054
35137
35075
34858
34899
34986
34886
34797
34845
34784
34792
34830
34815
34689
34713
34679
34684
34807
34723
34678
34778
34626
34815
34758
34901
34931
34933
35039
35006
35117
35107
35289
35247
35358
35268
35235
35165
35292
35347
35412
35422
35411
35448
35419
35508
35589
35598
35568
35568
35539
35390
35223
35285
35252
35300
35189
35171
35262
35357
35429
35490
35458
35618
35536
35565
35596
35543
35471
35464
35534
35541
35629
35459
35573
35590
35409
35491
35565
35479
35514
35473
35334
35267
35306
35300
35254
35241
35247
35241
35324
35211
35229
35219
35437
35341
35420
35331
35415
35287
35267
35327
35404
35440
35462
35587
35386
35605
35359
35494
35399
35541
35492
35583
35548
35623
35561
35686
35510
35570
35491
35451
35481
35565
35611
35629
35613
35757
35654
35834
35743
35741
35936
35904
35901
35910
35996
35872
35752
35710
35419
35428
35224
35290
35203
35141
35138
35066
35201
35165
35080
35164
35071
35072
35049
35009
34950
35037
34855
34954
34986
35000
35016
34963
34964
34976
34972
34952
35001
35001
34882
34908
34892
34930
34943
34861
34917
34916
34952
34753
34834
34799
34794
34719
34788
34585
34564
34559
34618
34524
34543
34418
34677
34693
34640
34587
34705
34661
34660
34682
34658
34652
34675
34861
34718
34741
34702
34639
34630
34542
34525
34547
34412
34461
34407
34474
34526
34498
34635
34430
34510
34403
34623
34463
34494
34471
34415
34369
34418
34421
34432
34307
34355
34268
34440
34507
34442
34532
34385
34338
34483
34518
34461
34618
34512
34578
34558
34644
34460
34542
34456
34596
34461
34523
34708
34647
34740
34766
34660
34625
34770
34626
34492
34495
34388
34460
34560
34539
34550
34595
34509
34422
34468
34298
34305
34259
34310
34168
34248
34170
34210
34141
34127
34148
34132
34018
34105
34102
34232
34258
34254
34243
34321
34250
34313
34326
34407
34428
34385
34350
34428
34491
34464
34480
34383
34359
34325
34267
34268
34155
34291
34122
34208
34087
34179
34089
34216
34237
34294
34289
34338
34334
34254
34145
34183
34205
34088
34158
33927
34104
34108
34110
34177
34129
34099
34131
34242
34203
34006
33965
33931
33933
33935
33874
33923
34039
34034
34149
34119
34101
34092
34235
34067
34220
34071
34256
34165
34326
34205
34246
34184
34154
34080
34097
34063
34200
34212
34221
34209
34290
34304
34278
34283
34209
34214
34266
34302
34312
34268
34226
34360
34166
34238
34211
34205
34192
34149
34209
34269
34305
34252
34222
34206
34060
34200
34154
34148
34215
34176
34177
34168
34124
34158
34159
34167
34158
34225
34101
34264
34141
34120
34192
34054
34071
34123
34146
34232
34258
34148
34229
34120
34079
34093
33940
33940
33855
33837
33851
33854
33872
33799
33791
33793
33725
33803
33737
33759
33680
33804
33731
33700
33652
33578
33524
33480
33514
33499
33534
33559
33533
33420
33429
33408
33412
33412
33505
33452
33473
33597
33416
33426
33388
33352
33345
33370
33533
33479
33653
33572
33503
33584
33549
33599
33547
33503
33494
33500
33337
33452
33456
33492
33475
33495
33531
33540
33607
33516
33619
33503
33622
33514
33427
33333
33237
33250
33299
33276
33262
33230
33172
33340
33329
33420
33299
33452
33388
33519
33609
33644
33532
33456
33483
33444
33498
33534
33455
33447
33418
33356
33279
33291
33278
33242
33294
33375
33357
33306
33237
33272
33212
33223
33183
33327
33262
33298
33362
33308
33183
33207
33167
33213
33238
33372
33282
33269
33369
33294
33299
33099
33128
32980
33027
32896
32932
32932
32980
32899
32847
32815
32795
32811
32840
32810
32802
32790
32760
32784
32674
32797
32691
32759
32683
32651
32577
32611
32592
32683
32698
32778
32825
32706
32863
32739
32829
32843
32834
32853
32874
32901
32931
32967
32945
32889
32803
32766
32758
32667
32584
32585
32651
32639
32683
32665
32662
32732
32701
32709
32688
32744
32737
32864
32791
32878
32871
32843
32889
32816
32940
32827
32864
32936
32942
32874
32895
32987
32886
32950
32979
32969
32861
32832
32798
32767
32753
32765
32731
32785
32760
32784
32717
32660
32674
32574
32652
32594
32574
32670
32697
32696
32690
32704
32687
32750
32715
32805
32809
32755
32846
32797
32804
32705
32815
32723
32803
32784
32717
32772
32663
32738
32748
32646
32670
32721
32760
32773
32763
32920
32849
32928
32850
32863
32791
32968
32863
32903
32863
32791
32806
32822
32835
32905
32897
32873
32856
32973
32946
32931
32921
32903
32818
32802
32878
32865
32895
32925
32947
33068
33008
33158
33136
33251
33253
33256
33227
33200
33160
33116
33129
33095
32998
32922
32852
32907
32850
32771
32832
32928
32935
32925
32857
32890
32949
32906
32919
32878
32852
32874
32764
32712
32763
32736
32794
32844
32733
32739
32797
32880
32841
32951
32968
33141
33059
33034
33031
33079
33174
33130
33140
33030
33135
33155
33107
33089
33047
32955
32882
32926
32874
32908
32978
32950
32911
32905
32799
32753
32847
32902
32907
32886
32844
32866
32913
32868
32911
32841
32871
32959
32965
32943
33067
32944
32955
32872
32940
32881
33034
32998
33097
32996
33091
33109
33056
33076
33036
32952
32976
32946
32897
32978
32838
32984
32831
32926
32877
32963
32886
32994
32981
33076
33080
32979
33002
32973
33017
33117
33054
33197
33028
33113
33038
32996
33068
33224
33039
33014
32906
32955
32927
32981
32941
32901
32983
32945
32904
32883
32907
32921
32909
32998
32926
32820
32898
32842
32853
32914
33021
32995
33004
33108
33089
33130
33077
33147
33206
33201
33262
33248
33278
33296
33226
33219
33229
33225
33252
33250
33228
33191
33167
33117
33135
33015
33065
33103
33090
33121
33012
33106
33000
33042
33035
32936
32929
33014
32936
32943
32895
33049
33039
33023
33010
32958
32926
32960
32967
32840
32845
32732
32782
32727
32754
32661
32736
32654
32716
32744
32779
32715
32692
32627
32651
32700
32685
32671
32701
32639
32570
32601
32519
32580
32569
32661
32671
32606
32664
32648
32757
32855
32720
32641
32674
32825
32794
32941
33011
32909
32977
32894
33001
32818
32898
32758
32736
32646
32756
32747
32882
32791
32849
32848
32843
32811
32811
32830
32793
32840
32775
32889
32741
32879
32846
32802
32752
32856
32797
32773
32821
32784
32850
32839
32918
32885
32774
32800
32722
32767
32800
32846
32841
32815
32748
32672
32682
32734
32642
32759
32797
32831
32865
32854
32889
32889
32833
32751
32750
32844
32763
32840
32815
32953
32844
32832
32867
32861
32850
32831
32815
32835
32740
32798
32726
32712
32685
32762
32701
32776
32807
32788
32821
32751
32708
32621
32737
32558
32616
32662
32560
32549
32597
32562
32574
32578
32551
32577
32605
32532
32509
32454
32534
32600
32646
32549
32600
32621
32655
32694
32772
32647
32820
32713
32659
32693
32703
32788
32676
32682
32683
32754
32582
32579
32508
32689
32473
32574
32562
32495
32472
32492
32516
32450
32496
32545
32426
32495
32460
32445
32511
32497
32504
32514
32447
32532
32405
32499
32446
32565
32559
32610
32519
32550
32531
32529
32579
32540
32388
32392
32325
32386
32298
32412
32195
32416
32406
32510
32483
32653
32561
32632
32712
32663
32768
32852
32827
32853
32862
32865
32887
32825
32902
32943
32946
33001
32887
32828
32952
32824
32817
32718
32762
32769
32746
32780
32774
32739
32779
32725
32759
32754
32778
32730
32765
32699
32699
32715
32689
32598
32656
32665
32660
32720
32657
32730
32760
32775
32743
32708
32790
32705
32657
32795
32714
32605
32577
32502
32572
32507
32638
32671
32640
32629
32583
32593
32685
32539
32604
32572
32698
32641
32636
32637
32595
32586
32537
32458
32508
32539
32541
32456
32522
32499
32550
32600
32670
32696
32753
32717
32636
32686
32625
32492
32500
32475
32518
32564
32527
32675
32531
32676
32527
32660
32580
32714
32677
32714
32706
32782
32758
32745
32810
32785
32697
32605
32598
32616
32630
32646
32620
32618
32645
32630
32669
32565
32642
32519
32498
32481
32537
32438
32357
32397
32450
32392
32434
32310
32350
32319
32308
32229
32312
32271
32366
32296
32366
32213
32364
32327
32281
32308
32246
32379
32376
32442
32322
32366
32276
32288
32395
32407
32378
32323
32224
32279
32238
32245
32186
32268
32327
32254
32298
32264
32226
32215
32303
32351
32319
32246
32268
32341
32255
32304
32198
32213
32182
32164
32208
32181
32198
32245
32259
32167
32224
32289
32246
32299
32365
32312
32283
32221
32197
32207
32201
32286
32226
32316
32278
32290
32344
32310
32344
32339
32327
32435
32438
32458
32455
32454
32474
32414
32312
32319
32344
32246
32396
32264
32400
32309
32372
32308
32345
32286
32306
32236
32323
32253
32297
32341
32356
32292
32297
32277
32316
32232
32327
32217
32298
32240
32237
32309
32261
32426
32388
32463
32474
32367
32349
32307
32261
32323
32299
32449
32247
32386
32322
32359
32227
32294
32136
32190
32131
32184
32174
32240
32162
32188
32216
32160
32141
32056
32051
31954
32007
31940
31949
31844
31956
31903
31947
31961
31999
31962
32011
31885
31916
31855
31915
31877
31881
31865
31795
31864
31782
31862
31791
31879
31756
31845
31769
31805
31822
31918
31815
31982
31879
31904
31877
31936
31883
31904
31862
31895
31796
31865
31762
31806
31749
31619
31609
31628
31630
31617
31630
31571
31600
31537
31440
31430
31487
31547
31588
31517
31542
31514
31603
31616
31623
31676
31783
31793
31738
31785
31823
31791
31828
31953
31832
31870
31838
31951
31872
31888
31762
31735
31615
31705
31644
31623
31544
31637
31661
31660
31647
31600
31573
31557
31578
31616
31593
31565
31675
31676
31660
31618
31662
31553
31562
31473
31601
31566
31583
31518
31518
31447
31502
31490
31523
31518
31396
31391
31367
31353
31291
31349
31299
31332
31301
31295
31258
31259
31218
31216
31259
31312
31307
31354
31270
31325
31330
31324
31286
31156
31220
31177
31225
31097
31107
31078
31114
31140
31165
31115
31203
31166
31139
31150
31112
31217
31280
31360
31334
31393
31348
31406
31266
31348
31305
31295
31293
31339
31353
31323
31411
31419
31367
31458
31425
31449
31439
31526
31532
31600
31601
31628
31613
31505
31564
31519
31585
31484
31506
31465
31408
31361
31398
31427
31455
31456
31458
31377
31398
31454
31410
31411
31369
31366
31455
31390
31450
31327
31335
31283
31393
31440
31443
31523
31507
31458
31436
31427
31367
31424
31412
31406
31472
31533
31422
31467
31551
31484
31505
31458
31470
31447
31449
31406
31447
31420
31465
31431
31549
31518
31584
31400
31483
31431
31518
31506
31514
31548
31502
31470
31430
31446
31441
31466
31435
31358
31364
31331
31278
31358
31286
31248
31279
31279
31232
31319
31263
31368
31341
31405
31325
31355
31304
31294
31288
31335
31358
31386
31377
31297
31350
31310
31266
31248
31303
31201
31352
31258
31217
31242
31082
31068
31063
31093
31128
31104
31102
31116
31120
31076
31146
31145
31130
31115
31109
31137
31150
31148
31196
31196
31132
31182
31123
31121
31113
31152
31118
31160
31114
31208
31078
31134
31079
31092
31098
31187
31186
31150
31157
31081
31119
31159
31188
31236
31185
31148
31146
31120
31018
31007
31108
31035
31105
31094
31103
31105
31147
31167
31187
31143
31185
31254
31240
31249
31294
31284
31291
31260
31208
31146
31183
31140
31207
31151
31093
31091
31098
31110
31173
31229
31209
31227
31178
31223
31206
31209
31151
31143
31152
31171
31206
31187
31130
31100
31176
31183
31116
31166
31133
31154
31119
31140
31092
31099
31089
31039
31101
31012
31123
31062
31101
31123
31008
31062
31021
31060
31090
31072
31076
31012
31069
31131
31093
31163
31079
31087
31098
31036
31091
31087
31069
31179
31153
31190
31166
31140
31148
31141
31079
31110
31016
31049
31029
31033
31059
31031
31021
30998
30955
30956
31007
31043
31028
31017
31064
30989
31004
31013
30968
30960
30976
30999
31055
31009
31131
31021
31044
31021
31061
31079
31095
31124
31029
31072
31080
31055
31056
31059
31109
31055
31040
31098
31094
31211
31203
31264
31236
31238
31220
31158
31102
31177
31128
31152
31167
31201
31220
31259
31166
31221
31170
31156
31197
31221
31158
31222
31168
31115
31064
31013
30926
30899
30880
30915
30909
30891
30854
30859
30852
30889
30838
30922
30904
30868
30921
30962
30991
30989
30996
31048
31010
31003
31041
30979
31094
31095
31201
31135
31239
31145
31235
31195
31246
31262
31226
31206
31175
31147
31172
31165
31179
31097
31098
31023
31061
31034
31000
30940
30993
30973
30942
30895
30972
30942
30932
30880
30871
30889
30840
30885
30855
30878
30862
30923
30921
30994
31009
31071
31023
31031
31060
31065
31052
31075
31035
31109
30992
30978
30914
30965
30948
30944
30954
30952
30937
30969
31031
31063
31011
30992
31053
31049
31059
31083
31123
31094
31151
31045
31032
30989
31014
31046
30985
31064
31023
31100
31000
31123
31096
31133
31177
31219
31149
31222
31141
31151
31215
31196
31250
31169
31166
31254
31157
31148
31130
31266
31283
31299
31241
31263
31260
31244
31233
31247
31253
31285
31313
31292
31232
31234
31226
31249
31164
31197
31176
31266
31214
31321
31278
31353
31306
31321
31343
31341
31357
31362
31397
31314
31373
31300
31287
31230
31193
31177
31224
31157
31211
31163
31200
31152
31177
31227
31222
31224
31201
31195
31249
31181
31141
31175
31128
31208
31205
31249
31170
31200
31126
31125
31122
31116
31051
31065
31082
30980
31021
30988
31005
31052
30987
30980
30970
30974
30992
30986
31028
30989
31005
31034
30973
31121
30992
30997
30913
30839
30861
30874
30937
30916
30894
30895
30891
30916
30899
30947
31025
31035
31120
31032
31089
31087
31180
31145
31188
31203
31134
31170
31210
31181
31102
31205
31121
31177
31179
31219
31228
31314
31185
31238
31166
31170
31154
31160
31087
31160
31066
31162
31113
31166
31160
31194
31178
31236
31201
31275
31181
31173
31238
31258
31243
31240
31214
31154
31193
31120
31104
31163
31103
31195
31071
31157
31083
31110
31146
31206
31212
31088
31115
31107
31087
31088
31153
31062
31060
31070
31104
31173
31175
31211
31149
31135
31038
31101
31084
31086
31098
31072
31009
30915
30976
30916
30944
30932
31016
30955
31048
30912
31046
30989
30990
30932
31035
31000
31107
30955
30970
30965
31023
30964
30972
30891
30930
30903
30920
30888
30837
30817
30814
30820
30828
30781
30831
30749
30773
30784
30816
30846
30812
30867
30845
30846
30881
30893
30885
30833
30809
30850
30851
30901
30920
30864
30862
30894
30890
30902
30936
30913
30922
31012
30995
31001
30923
30920
30944
30927
30936
30918
30936
30925
30984
30922
30975
30955
31039
31030
30863
30916
30923
30882
30947
30854
30904
30853
30911
30906
30983
30972
30918
30916
30946
30914
31013
30967
31073
30925
30926
30860
30934
30949
30921
30922
30877
30888
30908
30977
30917
30954
30914
30981
30860
30919
30862
30801
30811
30817
30821
30796
30837
30795
30864
30884
30891
30859
30907
30849
30981
30952
30986
31043
31017
31069
31060
31035
31050
31094
31039
31021
31013
30984
30981
31054
31026
31033
30963
30984
30947
30940
30972
31036
31029
31000
30962
30948
30965
30954
31009
31042
31012
30997
30995
30990
31024
31016
31059
31089
31047
30980
30962
30909
30906
30852
30887
30830
30937
30877
30853
30895
30886
30862
30932
30865
30863
30867
30890
30826
30791
30747
30778
30806
30764
30813
30759
30697
30707
30721
30657
30664
30640
30604
30683
30703
30732
30665
30662
30628
30626
30684
30656
30631
30651
30663
30688
30685
30694
30605
30678
30664
30684
30664
30660
30693
30726
30738
30807
30756
30769
30772
30831
30761
30782
30798
30789
30801
30821
30792
30778
30762
30720
30726
30733
30631
30732
30730
30752
30772
30748
30712
30775
30736
30711
30751
30732
30751
30695
30757
30708
30753
30744
30787
30739
30789
30718
30757
30735
30788
30716
30754
30694
30708
30673
30650
30669
30653
30567
30639
30591
30612
30574
30635
30527
30571
30533
30553
30520
30578
30581
30583
30603
30646
30680
30746
30625
30673
30662
30700
30657
30634
30638
30647
30628
30618
30655
30613
30656
30624
30616
30632
30618
30634
30622
30617
30611
30620
30624
30629
30629
30664
30671
30700
30735
30692
30726
30722
30715
30661
30673
30691
30655
30676
30750
30698
30742
30800
30773
30736
30734
30658
30644
30630
30611
30631
30669
30638
30626
30672
30595
30589
30592
30570
30637
30599
30556
30564
30565
30590
30594
30541
30537
30460
30501
30458
30450
30531
30498
30501
30493
30501
30457
30515
30434
30455
30461
30453
30413
30447
30451
30422
30486
30341
30337
30321
30330
30324
30392
30286
30309
30346
30317
30300
30356
30286
30344
30298
30324
30362
30351
30318
30309
30354
30371
30423
30458
30418
30457
30375
30443
30437
30424
30451
30439
30476
30382
30403
30408
30363
30398
30434
30382
30393
30367
30345
30327
30340
30292
30277
30276
30249
30246
30206
30203
30189
30222
30257
30258
30303
30252
30266
30289
30288
30302
30327
30292
30271
30312
30235
30272
30315
30246
30236
30208
30198
30200
30257
30229
30197
30278
30246
30237
30211
30184
30183
30204
30194
30218
30233
30234
30242
30278
30247
30317
30319
30336
30316
30383
30353
30355
30382
30379
30390
30399
30353
30271
30299
30231
30266
30317
30365
30368
30398
30414
30416
30410
30432
30384
30425
30408
30432
